tid,survivors,spans,dropped,feasible,recon_ns
0000001744f6e2e6,4,4,0,0,72195
0000004d2e2281a1,3,4,1,1,106279
000000531953fb97,3,5,2,1,114992
000000575825761c,4,5,1,1,150030
000000672237e583,3,3,0,0,38831
000000944cb04b7b,5,5,0,0,631271
00000af28a4f6fd6,10,13,3,1,187565
00000b6d8ac2cd6f,838,1092,254,1,20378421
0000546dcf8e30a8,197,269,72,1,4983096
000269366619c224,413,563,150,1,13983332
000669468c8f6e00,3,3,0,0,338861
006c8dd52ad1e87c,155,192,37,1,2720786
00c0603d96162271,1064,1389,325,1,33501724
00d90204d251904d,43,52,9,1,548058
00e067d813e61cee,29,39,10,1,1892328
00f3dd5709851c71,121,166,45,1,3305258
00f4c0ae50d3a07d,297,329,32,1,5479014
0119a5ff349f7f2d,182,187,5,1,2645313
01414b36617a5c09,83,119,36,1,1834642
00fc6e68b1e3855c,7075,9226,2151,1,222009031
01e5ac10f25efc8b,326,373,47,1,5257845
01ed5474f3ce600e,593,839,246,1,16356231
025e0976b7fe77be,30,40,10,1,503363
02c0ca83b4a8ed23,1074,1315,241,1,22335332
02d7c295c43eb1dd,803,1081,278,1,26126277
03210f89fb821f59,304,353,49,1,5676869
03219abc5856d32d,1673,2091,418,1,41352556
035df23a046d37e1,986,1362,376,1,30070771
03872d9a41086d60,41,52,11,1,869990
03e4bcfc64b72b70,41,51,10,1,730976
03f7db3d9bd7d429,122,168,46,1,2150386
0400281fae8157f3,1143,1446,303,1,29708256
042448c99c149aaa,3,6,3,1,107201
042edeeecd37c036,3743,5184,1441,1,181577021
04c631698e9cbaf2,892,1137,245,1,22639850
04d9deec9ebddefa,1034,1348,314,1,23878058
05d77c9b5b59ab31,1173,1569,396,1,31751242
05ec69f91a15d361,518,649,131,1,12400487
05f54bb2189d7f76,288,327,39,1,3992426
0621e3f743dacb1b,5,7,2,1,179537
0640565ee9de6b05,677,964,287,1,15989842
0680ea53ba287dad,311,367,56,1,5798862
068904d57fbdee97,471,541,70,1,9707310
069c2d0e3408cf06,3,7,4,1,118993
06913a8836dbd0c7,594,756,162,1,12992433
069d60e3f0d84aab,180,218,38,1,2347210
076684ed03918d80,91,120,29,1,3010775
076b5bbaf7fb3135,5,6,1,1,113474
0769e51998103ed5,911,1212,301,1,23658591
07d752f71c7abf18,188,195,7,1,3174243
0815b0f652851e90,160,184,24,1,2501344
080a03a90463b209,941,1221,280,1,30039555
08bd8c71aac13aaa,518,646,128,1,7275435
08cb2f11c537a2ac,272,293,21,1,2289860
08dd64f9a5bd4af1,1462,1855,393,1,35675626
090d081327b973bf,120,153,33,1,1930186
0909cbcc0f4f387d,233,279,46,1,8554026
091d6cd5aec98c69,1057,1505,448,1,26402335
093dcbffe2019b44,735,945,210,1,16097550
099ab42fb403c0d8,446,619,173,1,10974987
09c02e510afd5193,270,293,23,1,2469857
0985ea2f512e2722,3854,5109,1255,1,127752235
09e4adffec065c2b,843,1090,247,1,22479425
0a01d9efaa1901e4,26,31,5,1,2087000
0a00a469b50e9a5e,694,924,230,1,15046822
0a17a64c2264d02d,98,135,37,1,2507564
0a2301307089cff7,1172,1528,356,1,28496052
0a42cb19c28c3ed1,861,1163,302,1,20460691
0ac25a3f6f6423f3,720,938,218,1,19178229
0b270af67a643817,84,109,25,1,1236365
0b19bfbdad33bd2f,1082,1396,314,1,26018999
0bad6740cb346b11,1037,1350,313,1,21593897
0bc9820f5ea7e8bd,394,482,88,1,7291387
0bd0db838174de34,791,948,157,1,18723431
0be367c13e8d3466,228,238,10,1,1842765
0be5aba09c5ac7bf,771,1042,271,1,17955776
0bf8a02bb838c3d2,310,363,53,1,6744053
0c5b2dde20752771,951,1264,313,1,24442261
0c93ecfe6e18df1f,193,271,78,1,5486763
0d214d803e7351e2,83,113,30,1,2859400
0d6a6f9eb8e789fe,388,454,66,1,7410485
0d64882abcec8f9e,1206,1593,387,1,32926630
0dfc91b1a8423545,876,1131,255,1,19675839
0e1a3feec47d663b,16,25,9,1,1137822
0e169e64acab0f45,2922,3753,831,1,73903032
0e6b22afeee4c36f,1036,1352,316,1,24629184
0e7f246cc69f2f8e,702,955,253,1,12657690
0f5438daafd81270,267,293,26,1,3919346
0eafc27b91fce294,4879,6936,2057,1,166230219
0fb772a76640c2ce,245,271,26,1,3662927
0fdfe43177d524a4,883,1092,209,1,19434338
104aaf697959426d,297,350,53,1,7760734
0fb972694acb700b,5394,6325,931,1,172478004
1110d21f660ded73,43,58,15,1,664910
117bc7db5e087173,200,221,21,1,1682196
123417e26b9e384d,436,514,78,1,8506518
1293ecab191c18f3,343,493,150,1,7331172
1321cb66c4a1fa38,98,129,31,1,2496896
132d34c57093be3a,167,217,50,1,5192881
1355dd6b031b9f0f,84,116,32,1,1671504
137627f655fa8d93,103,137,34,1,1441327
13b6b3266c0a250e,26,35,9,1,519863
13ef33bfb4db224d,949,1353,404,1,25739420
14327fbb39d86373,281,309,28,1,1777641
1441a99a53878259,600,818,218,1,9973919
11d6899c26fc4f8e,15618,19077,3459,1,507160385
14d07f4f9d10c991,322,389,67,1,5072658
14d6491ddeb0d4e7,405,476,71,1,5630846
14eb2277fed29c3c,61,79,18,1,1713502
151d6049f975c28f,277,321,44,1,3091705
1672dcf29253f103,59,91,32,1,1159511
16b08f48d4838761,269,308,39,1,2593994
16dc5c2b616581df,149,225,76,1,3520556
16f6de5a409f87eb,74,103,29,1,1841746
17f9d8d87a13093e,4,7,3,1,147333
17b30e155102604e,2873,3936,1063,1,87353580
1877abcee02d029c,238,314,76,1,5274075
17c6302346c9a638,3955,5282,1327,1,142045669
18bafee7d4c37a7e,509,621,112,1,8199840
199bb52cea57e7a6,3,3,0,0,87514
1a9ae9c8bd26c2d2,29,40,11,1,435548
1b206eb19fd169d4,339,400,61,1,5532876
1b48762dce3c1069,10,16,6,1,272570
1ba5546a2716a136,94,127,33,1,1575326
1c3f8bbe683cd5b2,583,740,157,1,11338836
1c497c912be889db,355,458,103,1,12147309
1c7b0203bd0e56b7,299,347,48,1,3187034
1c8f25aa91b88d1a,252,267,15,1,2163935
1cb8633b3954f602,1536,2035,499,1,39089059
1db58e43133f2e61,437,546,109,1,9124988
1de012296a70906d,286,348,62,1,4341966
1df12170873b87c6,452,551,99,1,7413071
1e18d3977b63a5c6,971,1201,230,1,7843517
1e8d72e9d441dfb4,3,3,0,0,92681
1f2cae56df06fac5,158,168,10,1,1461718
200b00603b303afb,2047,2600,553,1,39705359
205ac877335262b4,830,1087,257,1,17663469
2086ef704ce4c40a,319,412,93,1,7814456
2128960b310281d3,419,503,84,1,5630034
20ba390435fb86e1,4615,6194,1579,1,126141571
213cee7809a5a08a,837,996,159,1,11910917
2186bc15ad6ab26a,99,129,30,1,1711717
222f901c3dd2a97f,140,164,24,1,5629531
22445b44223ee705,333,463,130,1,8013389
224734dae9a9060b,319,364,45,1,3779861
229a08dcc3333aed,187,194,7,1,1292610
23280ca4d9c75023,194,202,8,1,2290691
23d68953e1f0d953,108,153,45,1,1990418
23f7f741520fea3b,21,27,6,1,458155
23f6182b09006f99,1641,2174,533,1,39126829
2419b5d1b1b451c9,783,1033,250,1,20155739
247587a69e63ce22,38,49,11,1,601570
24dc54df9e3e6998,1992,2606,614,1,52312639
25271e5076635612,1148,1606,458,1,29297129
259722ac43fad060,107,131,24,1,1518838
25876ec5f9210daa,888,1237,349,1,20050822
25db7050c31e9f80,493,621,128,1,9430614
25f8a380aeed4546,277,323,46,1,3382166
2670a956135e5167,95,138,43,1,1878055
26d6d3915baa89be,475,660,185,1,10929438
270dd9d0d5ce962f,202,211,9,1,1532290
27195b5348e01249,11,13,2,1,202747
2715f6ff03e8714c,545,691,146,1,9661303
2762d6b9e9105234,355,420,65,1,4190334
278dca90688b879a,183,187,4,1,1208406
27e34827602ed113,58,81,23,1,1150700
2823eaba9b5cbde9,27,31,4,1,749708
28a7c39b21d40bd0,144,223,79,1,2526229
294fd69311a2f387,575,742,167,1,11640701
2a0d3220c66ac9eb,41,49,8,1,503671
2a0e9fb6a2ed6f1c,8,13,5,1,312850
2a2c6e1f6e1b2ff4,1207,1655,448,1,24823818
2b370838fdb27842,44,52,8,1,802555
2b37dc4285333afe,262,293,31,1,4384562
2ba4db95b9017525,79,107,28,1,1439777
2c21eeca2175421e,244,265,21,1,2258404
2c3a064a63d80714,118,149,31,1,1851955
2c9118a0420c98ff,533,669,136,1,7532258
2cf10cb57e22af1c,185,247,62,1,2964878
2d0f5ebeee689111,264,283,19,1,2194347
2d1f87e35dc216f8,1194,1713,519,1,30154320
2d6ec5a7d1e05643,26,35,9,1,589857
2d81e65cd3b1aa3d,1059,1383,324,1,19353331
2d8f58564b76f5f0,4972,6183,1211,1,129880499
2e503e3bafd7aa9c,1,1,0,0,62602
2e5197ad62991d7c,94,124,30,1,2523452
2ecbf50e095ebd94,137,167,30,1,1930382
2ec988914967c502,969,1202,233,1,16681390
2edc4ad1f1905b59,656,817,161,1,12341322
2f43a7d577b7e38b,87,115,28,1,1516085
2f52c9fda9eace4d,94,119,25,1,1641917
2f73313341589d3f,255,284,29,1,3656940
2fa7079588418729,218,234,16,1,1868925
2fba62cc068b1d39,259,292,33,1,4396616
3070170416a3b05f,560,744,184,1,11206962
30a6cdfa733513da,18,27,9,1,545846
30ea49da010e01c1,95,121,26,1,1455084
31207a7b92cb0ece,953,1366,413,1,21020897
3139577aae187b7e,620,805,185,1,11599945
31f2662b3e2403d4,475,527,52,1,7809601
321f1173e4a2f0f4,58,82,24,1,1013346
3167f7aa1b8b3364,5383,7244,1861,1,163330930
327a32c9df207e65,29,41,12,1,557923
32c7cae6f94363c2,38,49,11,1,2133333
32c07f7a39942e6a,344,413,69,1,5956325
3342278bb94cde7b,15,22,7,1,417514
33a31ca7429c4a13,3,6,3,1,275477
33b891b75de5a5a1,6,7,1,1,139090
33ed9b6596c2a35e,183,188,5,1,1309470
3426333ef9aa7fe5,182,190,8,1,2056919
3561033e2236e192,115,161,46,1,2080695
35b5248ee182222a,532,651,119,1,12679863
34b151a67c622ce4,9847,12808,2961,1,269698169
36fab04f1692cae8,342,411,69,1,8286574
372bec371a661a7e,307,370,63,1,3968253
37b17097c03ac231,669,878,209,1,14648477
37effad9dc8f1646,253,282,29,1,2620735
381048c12b2285ce,188,202,14,1,1399077
384fb93d44738c1e,181,187,6,1,1233215
385cf024f9bb33c9,34,48,14,1,603025
394ad6dcf3f71b97,256,297,41,1,3527711
3a1c24f82639431c,359,500,141,1,6505240
39e1b400819575c2,3760,4995,1235,1,94818984
3a8ee226ef528e4d,1343,1773,430,1,33362186
3acd092060f09e9b,5,7,2,1,142531
3ade4a6c7ed835b7,377,429,52,1,6588133
3b21a73bd6d314f6,64,78,14,1,832413
3b40ece4c41cd70b,1538,2022,484,1,30176426
3b8602b262362c0e,597,795,198,1,12095238
3ba0ba886c9fa233,150,222,72,1,2544874
3b8f910cfc311cd2,1522,1970,448,1,33855181
3c0adfb13a41c202,324,373,49,1,3477606
3d1e1d1c0f7e42ad,401,579,178,1,7291090
3d92ec23f70ec5a0,2,3,1,1,108388
3dbf2ea86258e1a1,346,399,53,1,4103048
3e282ba64712c3e1,36,48,12,1,658993
3e5ff3f77770103c,99,149,50,1,1898312
3ed24e9b92c4828b,678,883,205,1,13091782
3ed65bcdf2ab4101,885,1195,310,1,21177314
3e49607454ec61b0,4337,5759,1422,1,119751934
3f2ff02a1c617d4a,208,228,20,1,1794119
402b2199493715a6,414,511,97,1,5943493
40463a7cd1f13b88,263,368,105,1,5630826
407f86911a1bf049,553,684,131,1,7600697
40f9b62cddc8fb91,377,484,107,1,7895053
41179cdedada0162,1079,1236,157,1,15746139
4131211c2b754348,1271,1599,328,1,22858145
41e089ef23de1db5,2,3,1,1,94106
41dd6a37092f37f6,85,116,31,1,1451851
41e80cb972a5c073,24,33,9,1,411578
428175c05eb4b1b9,94,132,38,1,1560029
42894915c34d3c62,261,284,23,1,2429341
42b69501fe3ab9d4,92,121,29,1,1544717
42e62b309248670c,34,49,15,1,624200
439c096f3c172991,627,771,144,1,13407662
43c28488ad07b206,228,300,72,1,8507445
43642964cb563c50,6630,8381,1751,1,216072023
44f1397982a3ddbe,325,382,57,1,4086288
438d37e0c0b07b27,8409,11246,2837,1,285315432
4517930ff8c39784,347,430,83,1,9285532
45319ece49bd4cd0,261,305,44,1,3399069
45b8cbdee97d6d22,903,1144,241,1,19877451
45d07a646f5a5225,92,117,25,1,1513191
461404b7118bdfa5,972,1441,469,1,26298795
460a9b26f826cb90,4299,5438,1139,1,100063925
46fbb9196f2f414e,200,211,11,1,1643505
4702604d2abdec80,260,289,29,1,5294298
4718a481f5a68cf9,531,664,133,1,7941063
47beab41d1e76c86,701,903,202,1,14542214
47e8d06c9ac9444b,329,392,63,1,3810099
48791162f9f27059,239,257,18,1,2352643
482983c8762bd905,3595,4642,1047,1,85150897
48a263646bd4ef39,112,163,51,1,2224328
492870fac1432fda,89,118,29,1,3785671
49228d2116e4bddb,832,1105,273,1,17242407
498427c971ef4e30,10,12,2,1,249224
49a412b581538c83,205,217,12,1,1541340
4a2ad27e89e785f1,98,128,30,1,1661425
4a64576c1199e7ac,282,343,61,1,7995362
4ae2891908303360,29,39,10,1,642821
4afa813e9884568f,6956,8910,1954,1,184761913
4c212c8f93f389c5,18,25,7,1,343139
4c2a84c0bd9f04aa,183,187,4,1,1231961
4c453f5a2685afb6,90,114,24,1,1805529
4c6c76bbff2cc324,148,218,70,1,2413556
4c60b2711d8ea886,794,1066,272,1,18036622
4c6278be569e8a77,1711,2246,535,1,40290046
4d0fbb12c5b792c2,1160,1476,316,1,20881145
4d6d23b792e83900,516,636,120,1,12381515
4dedac09beb50a90,26,31,5,1,1067391
4de794ca525ac70b,361,414,53,1,6459598
4e44468c3c9f83fc,761,1071,310,1,15849497
4e95d4e2cf85d9c2,29,39,10,1,695362
4ea49015e5347f55,935,1286,351,1,16562866
4ed19609af829237,11,12,1,1,204790
4f131013297a8b43,24,33,9,1,456210
4f2776ac35957873,7,9,2,1,178820
4f4b08a5eebc4423,382,553,171,1,6936040
4f490ece795ed9fd,635,790,155,1,10067097
501e81ef6e0dd958,215,319,104,1,3799274
501ee3d991cfeeb0,750,981,231,1,15631950
50649b50ec4b8cdd,802,1015,213,1,13938771
511658742168873b,20,23,3,1,348572
5120b2ccdee25b15,213,254,41,1,2464888
512068c908bbcdbb,791,1035,244,1,14849595
513ceb52751e4508,305,400,95,1,9606265
51305063df6abd6a,1114,1498,384,1,30606509
514c1ee3cdf96b40,1161,1637,476,1,24624017
51efe4f5080a2443,560,628,68,1,10295651
52bc20ada6c7e296,4,6,2,1,120345
52bf237ae7f8e441,385,470,85,1,8351495
53b5679e7cc292c3,47,63,16,1,1713052
53c6d0883b5e8785,208,217,9,1,1577459
53c3daaa9f1780b6,539,620,81,1,6449640
5416b42beb1f3fe1,40,49,9,1,607357
54441ab288a45bb3,65,79,14,1,872993
5458d603fd27771b,88,125,37,1,1810558
54670aa3791b6cb8,265,301,36,1,2777519
54d6523d0808d70e,9,11,2,1,205010
556f405e45a1c3fb,209,232,23,1,1951470
556d6f095a99ef4f,342,394,52,1,5093339
55d0055f3cd85269,68,87,19,1,1077782
5624bb659d7fc419,452,636,184,1,10461943
563bf8f6f469b7df,703,903,200,1,13931573
564503913fb72ea3,320,383,63,1,10215772
566565155bd46f7f,855,1118,263,1,16244333
56a1b55f9a23dd5d,100,119,19,1,2179243
56d313c4525eb3a6,22,35,13,1,1087251
5737e996cf066d15,3,3,0,0,97987
56f4c6b21c9d8eb6,2374,3175,801,1,58861062
57bad204110eb06a,81,110,29,1,2528288
57be43c19779644d,129,164,35,1,3229344
57e5ebb5e1320004,355,421,66,1,6390354
58155f4a7f130958,326,390,64,1,4230528
5821f424893f7656,201,214,13,1,1681823
58ce2b4d66baf803,252,283,31,1,2247912
590c65eaa6635c0c,227,306,79,1,3710310
593ef1094a14ef7b,1101,1387,286,1,19517510
59626da7a15064e1,3012,3973,961,1,85615483
59f830e4473863ae,269,290,21,1,2273228
5a532db8e9bee379,298,341,43,1,3185916
5a26a4ba0dad87e6,2084,2584,500,1,50955674
5b6542910f205bb4,315,373,58,1,3977236
5bc914512d6ccc57,195,206,11,1,1454561
5c09f38d664b6382,197,207,10,1,1560663
5c6a7877363936d5,94,122,28,1,1626549
5c832d0ab792baec,309,354,45,1,3227054
5dc84b7b8c7daec5,46,62,16,1,1229975
5dc58ee7401c09ac,329,385,56,1,5228014
5e0bee7e2b890bc9,252,284,32,1,2399803
5e1e9dbb3d553987,246,359,113,1,6009155
5e2747d650330b5c,80,114,34,1,1314565
5e73437531b63da5,64,93,29,1,2840448
5ec83542290cb5b2,65,93,28,1,1062138
5f7bcd57431f160f,84,115,31,1,1840549
5f8b825f1d5696bd,493,663,170,1,8046557
5f895713aef992d7,1448,1983,535,1,38229000
5fb55f5773ec2c9a,1115,1602,487,1,25558359
5fca75e152a9e241,101,136,35,1,1914804
607d0cc1ecf00f1a,1634,2213,579,1,43950097
6131211ce927cf10,290,328,38,1,3326662
61469ef526baa5d5,298,372,74,1,4583905
615a85dcbacb92b4,1432,2063,631,1,34320093
61945c2c8efc1304,626,790,164,1,17113125
61fef2f9c7641043,27,35,8,1,500377
623172f1c073c3f3,94,127,33,1,1597329
6279dcc1c2787c51,262,302,40,1,2754036
627af1da2149ed06,694,842,148,1,10990966
62942dcf15002156,94,120,26,1,2949248
630f45ebdfbf3c95,960,1225,265,1,17993977
6327611e6575e6a8,307,364,57,1,4388372
6342eef7eec56c0f,40,49,9,1,606129
632d4158a807eb32,711,902,191,1,16803782
637797d86c1cdc3c,250,281,31,1,2708503
639b341f75e6d7d1,280,378,98,1,5889880
63b454147fb423d9,95,132,37,1,1708193
63c509eba443b54a,675,891,216,1,18693830
6454d8cdae706743,61,79,18,1,1378299
640adf8ca4d1a48d,3431,4723,1292,1,80546888
64ec5db476a5c465,589,802,213,1,14251995
650689a98599b05b,145,201,56,1,2547140
6510d9ca3c654e7a,268,304,36,1,2542224
6499781fa80a0356,4176,5435,1259,1,94631024
65978b51f9738f08,1141,1408,267,1,26421340
65d10329584664fc,947,1376,429,1,19656160
6648d7ec70d448fc,65,100,35,1,1289453
6657e100d933fb37,217,303,86,1,3598626
66ba6e7884e1b334,152,167,15,1,3577138
66d6ef64cdb2f0c6,763,1002,239,1,20580719
662375b62c3f0a8f,4937,6535,1598,1,133894519
67115f16840db978,869,1150,281,1,18960034
674a5e01d5599f3c,136,200,64,1,2523536
67e55ec4445f6f89,812,1132,320,1,19594742
684004ec9d9ea839,42,51,9,1,869552
6833966b97375980,295,348,53,1,6889267
684e07c2e6708a05,7,8,1,1,165317
6876e9795730dacd,475,679,204,1,11762008
6937c1e374c18a5e,239,261,22,1,2149958
69a277aaee416b4e,259,283,24,1,2139260
69a9d7d32e027319,222,272,50,1,3572619
6a3c1af65ca61ed8,332,393,61,1,3730414
6a716867a07680d9,91,107,16,1,1009204
6aea839c2013355d,261,323,62,1,4807687
6b1c850946ddb011,258,277,19,1,2031675
6c0828fa035629db,94,131,37,1,1699876
6c847007e959ba8e,267,293,26,1,2839067
6cdab0c7ec4b95e4,17,23,6,1,359912
6d466a510b545791,121,170,49,1,1827554
6d4c7d4e699a89a6,357,439,82,1,5464161
6dbb5524244d8b1e,193,201,8,1,2142280
6daddf5229b7c4f9,2025,2619,594,1,36620870
6e52f31a45598f59,319,381,62,1,7121524
6e7f75d22cd56ed6,902,1181,279,1,17279703
6e6e24f87fc05bf3,2353,3048,695,1,53574664
6fc51fd7e71878ae,226,279,53,1,2828438
6fce3b45663c8e12,293,351,58,1,3727584
6fe2adf37824b36f,95,135,40,1,1481215
7047db858c725dd1,666,822,156,1,10657604
70608d751b1a8470,213,228,15,1,1756255
70a99eedda9e290d,89,120,31,1,1470756
709e69b3630ffdd5,663,932,269,1,15469216
70d9dbd0615f6eba,194,199,5,1,1307881
70ea02a9309877ee,174,223,49,1,2929818
713a8daf2a476654,372,532,160,1,7759593
71ad9023bdce7b07,268,317,49,1,4662599
71da0ab782555d98,274,302,28,1,2463186
71b43259d344fbe4,879,1324,445,1,12611888
72097748c5401e54,133,179,46,1,2266957
7241b02feb02c281,185,189,4,1,1191527
718453eeca67c99b,7634,10043,2409,1,260525529
732d647816c20862,183,208,25,1,3536467
73bed34fb5a01b31,91,116,25,1,1470652
73dcda126b78b910,44,51,7,1,591472
73f3cd8c69e24a04,29,39,10,1,571652
7501a04dac89e895,196,202,6,1,1327060
74855e6cbfd5c41a,3355,4637,1282,1,95749998
752830861278d7ca,584,717,133,1,12086965
7549a6d5e7be8753,251,286,35,1,2573157
755b6d642223825c,1171,1464,293,1,21774362
758149d8bf10c85b,101,124,23,1,2215989
75850977e316fdaa,200,206,6,1,2111975
75bf1282458ee54e,85,127,42,1,1231403
76b4a4380875a7dd,89,117,28,1,2120612
76c965256288beae,257,295,38,1,3253915
76db21c5570b309d,430,603,173,1,7217678
771837215936631f,4,7,3,1,140132
77acd2c9af6fb771,246,277,31,1,2479392
77e17f02fa3520bb,1432,1847,415,1,30685319
7848e6a8aac7a34d,4,6,2,1,185987
787ec8720be0992d,220,237,17,1,2138132
78b303b5395fa30b,15,20,5,1,359184
78d3dffc6ffb78fa,1147,1535,388,1,27969745
794b47ecf0224d87,348,488,140,1,7130165
79609330589624ec,675,843,168,1,13859827
798aa290f6433b9d,642,835,193,1,13199662
79dfe3d2aa2b1309,421,581,160,1,7325704
79f8a06457992652,96,132,36,1,2253855
79f976ec49cacda4,1336,1789,453,1,29046459
7a8e089c8c868bcb,1218,1724,506,1,23612141
7acae73fbb370883,347,412,65,1,5243012
7b30a6e34dd0daef,190,198,8,1,3135362
7b467f8ef24f1d6e,48,63,15,1,764885
7b54260625c299b8,216,279,63,1,3452907
7bbc3d61a1cc0574,37,49,12,1,654424
7bc05f9a8edea2c3,85,110,25,1,1387686
7c0438f96427164b,317,361,44,1,4334374
7d2ca5ebfad094e3,415,596,181,1,7895530
7d76028cd3cbf133,116,165,49,1,2008172
7e23c2a49e20ec99,132,147,15,1,1926651
7e423613adbadac4,263,303,40,1,4577111
7e5112e40541ef41,187,257,70,1,4389361
7e7c33bcca739000,222,294,72,1,3594685
7ec0af45312caa56,206,268,62,1,4793758
7ecae36f73ce1cf0,219,326,107,1,4653822
7efb3ec7ecc819ac,395,522,127,1,9303279
7f36be495ddd1b44,265,294,29,1,4235800
7f715b6fec253754,299,352,53,1,3477289
7f4cc556773b1d81,1533,2089,556,1,32687945
7f5e21cb4f8b895a,1942,2608,666,1,60175220
7f88657b43eb5212,1887,2483,596,1,43761916
8000003cdd5f24d0,4,5,1,1,130788
80000043340ad70d,3,4,1,1,107707
800000511ed3f69d,3,3,0,0,60219
800000695f316ef5,2,3,1,1,74620
8000024afd53f78a,412,567,155,1,7698049
8000095841d5047b,227,320,93,1,5574781
80001635b8105a83,425,600,175,1,9721655
80001ab6617ff34b,36,53,17,1,708561
800022c3a081b637,226,329,103,1,4463920
8000f93585c4da87,951,1212,261,1,15788093
800116ddf2080afa,383,548,165,1,6912490
8003ac939d8add32,443,563,120,1,8531306
8005299c0c7c0746,420,570,150,1,8220826
8008a22dbc120fda,83,121,38,1,1492310
800c91cb089760c2,251,321,70,1,5571864
8013a77762549b51,472,616,144,1,9303430
80258e65e7ae986c,1755,2319,564,1,33053720
804a1230d263c097,408,544,136,1,8631118
806d3abae348d6bf,268,291,23,1,2737626
80896eac11ea09b4,115,161,46,1,2748349
809047675222d5b0,277,298,21,1,4761747
807b9cdfea117a79,1350,1737,387,1,31679038
809bf2b0cb57891e,88,119,31,1,2175377
80c4ac4361092cfb,3,3,0,0,103209
80d950ac53e3974b,328,386,58,1,3594144
811b74b3f4581bd3,285,343,58,1,3546463
81730f50b606f4ee,202,273,71,1,3345788
818f62662f97ee5d,105,158,53,1,1960897
81a6a5fe85a22302,704,969,265,1,16682304
828e2bd5f783d845,4,7,3,1,123049
82b26cd983d10726,307,341,34,1,2857592
830d9b0f18aa98a7,273,372,99,1,7352770
8310b9f2ab2be829,396,451,55,1,7252642
830f2c5e0ed32415,749,1001,252,1,17159007
830b131645798c89,1051,1361,310,1,22891763
835c758bc668a703,947,1235,288,1,26639421
8380c082e89c4ad7,798,1159,361,1,21148991
8386d5afa6c1ff6b,728,956,228,1,17153745
83a20b9e21dbf497,251,277,26,1,2429074
839bdba688cc4c8f,661,835,174,1,12318083
83b5cadc0e5ab482,126,166,40,1,3544013
83eb3fac4b771b61,450,547,97,1,7820697
844cfa24fb8d5f83,1318,1695,377,1,30105761
847849229a4c2247,26,35,9,1,722193
8485574f455642e5,183,187,4,1,3929384
84815dd256e1649d,190,265,75,1,7861070
8470a9327d8ef465,973,1197,224,1,22969817
8467b0d66c6b8866,1454,1824,370,1,38434380
839c427124f4b40a,10353,13733,3380,1,359669377
853293a9798311b1,1130,1460,330,1,24129287
855b3a82bfa6bc9a,426,510,84,1,6177974
85bbd6085c491f93,886,1148,262,1,19551385
85d832fef232d6fc,328,391,63,1,6453701
85d4fc996135dc77,423,605,182,1,10940854
858c10f32bef4123,5375,6757,1382,1,128405702
85e8572c7699441a,873,1143,270,1,20153840
86b13af2d0201882,73,105,32,1,1143371
8706e449f90fc472,853,1080,227,1,16006464
8753a6f9241deffc,621,798,177,1,15420056
87a433582a96a312,253,365,112,1,7264286
87c2dbc05dabfe79,742,948,206,1,12928323
87de31fbfcf8c851,64,79,15,1,1457711
8814244525dcea98,1698,2378,680,1,34517765
8885790f433d16d4,5,6,1,1,123910
887089ae01b058c9,993,1281,288,1,19428884
88bb4e9a4c63cce4,62,79,17,1,919774
88e2eac03e6f332c,337,407,70,1,4243686
88de6c48479d88a6,510,682,172,1,9572487
894f1fbb20300f24,252,300,48,1,5338943
8951b0da0a15abbf,883,1118,235,1,28975352
8988b35a77cf4e05,252,290,38,1,2676300
89dd27be7610d142,253,335,82,1,4280055
89e7a380edcd0e5f,132,159,27,1,1475154
8a08c586f3ad93a5,198,214,16,1,1539855
8a3b1596b9b1b343,3,3,0,0,93381
8a46da4b8e371385,2,3,1,1,97472
8a56e3efeecd2253,328,411,83,1,7727343
8ac72a21e60c45ad,269,295,26,1,2865607
8acfc3653176f1df,2,3,1,1,77219
8b86fd4a9595c143,3,3,0,0,81741
8b91613f7b22065b,745,1046,301,1,16191211
8b9b2abf6848306d,711,941,230,1,15514699
8c11abc0a09b22de,25,38,13,1,593124
8c14ff1289450b3e,818,1074,256,1,16067853
8c94fcc1b1a0acae,210,300,90,1,3453365
8cb7a00d98cee73d,129,165,36,1,1927436
8d464eb3b146b133,31,35,4,1,473362
8d8809606fb8d9e2,1387,1794,407,1,31334651
8dae23ce8a57daad,140,200,60,1,2116578
8dad61fff469e096,614,794,180,1,10372629
8deee297d5d47581,118,123,5,1,1240951
8f15b502c7c5be1f,199,214,15,1,1653683
8f304ceebe890e76,103,130,27,1,1649539
8f80e63596e0d44f,307,339,32,1,5275630
8fea7129f9b1abe5,44,64,20,1,818273
9006c478e4138c74,2616,2889,273,1,33614230
90858f9d0c09c4ab,184,187,3,1,1215845
9093100954c1c8ef,328,422,94,1,7305203
90a9520802d04380,53,67,14,1,775067
90e9e67d3d68f415,123,148,25,1,1826196
9158b4e855420501,620,908,288,1,14073660
91741ecff24e2d84,150,211,61,1,2687535
91b10a3a08c72a99,84,109,25,1,2330918
91b8bba9bf291fce,149,167,18,1,1808439
91d45fd137f467d9,187,246,59,1,3107219
91e651ad6b64f0af,166,213,47,1,2823502
9228ab9f4f59246c,423,559,136,1,7333828
927a5a37644cfa96,743,963,220,1,10885367
92d63fb1ec4f2b81,262,299,37,1,4165579
934b36c594c6c6cf,36,47,11,1,645488
93af1ec78531d2ab,297,350,53,1,3409457
93c86583bf69d002,247,279,32,1,2496445
93fcfa8aed07024f,92,131,39,1,3370400
947f1667aeddf2c6,949,1244,295,1,19075847
94a1dcea5ac176fa,397,491,94,1,7383452
94ce6e0f4516afac,166,180,14,1,1389886
9518e75bf7f2ab21,114,149,35,1,3076313
954ae064a1c2db1d,9,12,3,1,226932
95893f5998e390f8,40,49,9,1,572080
95a56cda065b88f8,4,6,2,1,129319
95c267ce87d6a68a,88,121,33,1,1743404
966b95fcdf8394ac,102,125,23,1,1953202
979e630eb1fe1c10,27,38,11,1,426458
97c51bdc4bb64bfa,89,120,31,1,3837972
981048385d674779,234,292,58,1,5494381
98229dde65f99068,101,131,30,1,2032029
98f5bb6114730dfe,538,670,132,1,7665648
9991c96bbe3656cc,2,3,1,1,102559
999d1c53c6580832,334,380,46,1,3471843
9a464a32b99267bb,25,35,10,1,1846068
9949d87b37b1af19,11462,13863,2401,1,289786143
9ab2aff4b433912b,151,167,16,1,1442266
9abb004727cfb1b9,37,50,13,1,583926
9ad73ef9ba96f07b,570,715,145,1,10039469
9af8cc6c5ddf2a56,200,211,11,1,1443868
9b55a96b7a5f01c7,223,273,50,1,3371160
9b7278eeae178a15,257,281,24,1,2182837
9baed48684aeafb3,31,44,13,1,718091
9bdaa83a7be6c86e,5,6,1,1,122044
9bf04b33ded5dbdd,82,108,26,1,1563676
9c3817027d24740b,3,3,0,0,116471
9c3a31d24e4b8931,231,257,26,1,3556311
9c489390d0872272,525,734,209,1,11033044
9c67521c46e10ed4,345,388,43,1,4350987
9c967c8fa93ec1cf,197,211,14,1,1567581
9d12a1f3a044443d,199,211,12,1,1522039
9d1917b9f9affbbf,97,135,38,1,1859217
9d1c7bbf92ca30b3,47,60,13,1,658900
9d50c27fe8492d63,102,137,35,1,1903509
9de412da819de443,311,356,45,1,4674556
9e4272a90877bd7c,36,49,13,1,655669
9e8bb3d96d784633,132,166,34,1,2350093
9fadd62d4dd30c4a,45,57,12,1,1922720
9fb6cd0354cf351a,211,228,17,1,3003089
9fd0fe4a56a41894,270,294,24,1,3846071
9ffa498b6c2c0910,662,887,225,1,20657364
a02b9622820d0b41,28,38,10,1,1299732
a03b34c659ad42ad,324,365,41,1,3672992
a0a198f5abde5c7d,335,395,60,1,3897553
a0e7a92e11f24d34,47,64,17,1,1499078
a10c1c72b6a209ea,92,138,46,1,3583452
a1731d09aefa7870,146,175,29,1,3648623
a1e7eced98c0f3bc,39,48,9,1,633707
a1ea7e437c60c67c,284,318,34,1,2895017
a1efb04b1285e116,267,291,24,1,2424546
a2255040597f5c4d,645,839,194,1,11105428
a24d43ca044855d1,274,299,25,1,2489544
a25b8f328acf06ea,95,119,24,1,1642777
a2698dfc25ca27fd,217,231,14,1,1703397
a2a2a09e8dc6e273,299,359,60,1,5746735
a29a39ae88a7f793,833,1041,208,1,18903024
a31bc7327a150a21,88,129,41,1,1533115
a33188bd2c051057,261,313,52,1,2815407
a3658115784f7c65,36,49,13,1,541541
a391b44df4c86154,2342,3156,814,1,59210462
a425cb3a83e76827,1280,1649,369,1,24749496
a4ff71afec419920,427,536,109,1,6685772
a5165db4223a905a,188,198,10,1,1356211
a53117eb1d4b2fc7,253,283,30,1,4087939
a5413c1504408798,3,4,1,1,92957
a50ab2cc3c5c386a,2835,3759,924,1,67810387
a588755dbe032344,189,197,8,1,1487572
a5fb276dce6d8453,1164,1653,489,1,24391039
a6b0f65519637ce8,494,613,119,1,8131706
a7c01774b98531d2,105,154,49,1,2155291
a7ca16bdab818b3c,96,133,37,1,1790982
a7d611882c788b96,381,450,69,1,4580508
a84cb1b8e6866088,252,283,31,1,2363168
a83224b96467ef36,1190,1642,452,1,26183206
a8a0370d8e200b02,188,199,11,1,1456249
a8e93ed39e941362,1554,1730,176,1,19396901
a91b5ff9d1074ac3,42,51,9,1,539592
a92d3398218dcac9,265,323,58,1,5402605
aa090225ec2c1526,120,159,39,1,1927025
aa28befa21ff7a93,92,121,29,1,2644512
aa5af5666f67af5b,126,161,35,1,1912402
aa7d632054664681,209,235,26,1,1944469
aa8e1db57b23d2e9,15,23,8,1,372707
aa9f7eaadec65d9c,3,3,0,0,80740
abc10ab9b155865c,180,197,17,1,2641462
abfca884df0550b2,9,13,4,1,223742
abf9453b5d0d099e,193,198,5,1,2583980
ac471c05576829ee,253,323,70,1,4355218
ac809c2ac044c2ed,320,354,34,1,8361601
acc920d6d1d17d3b,3,6,3,1,121580
acd13c8d71ca909e,327,382,55,1,6019113
acfcbabc2beffcbd,164,200,36,1,1824080
acf101d5d0222cca,1414,1898,484,1,29379681
ad0adae69e3badc5,805,1057,252,1,15009148
ad3f72ba94f8e487,672,909,237,1,12312179
adee9a14903b8bf4,525,744,219,1,9363643
ae39818833086f96,192,199,7,1,1402868
ae5cee7b26fc0f32,35,49,14,1,586967
ae84b15d7868896a,114,149,35,1,1847614
af148bfff97ad2b9,189,195,6,1,1770341
af21218faf4f69d5,34,48,14,1,716196
b05b291c22aae1c7,87,119,32,1,3046780
b0904fb573994f54,81,106,25,1,1439543
b07dd7a1288d6507,575,781,206,1,12319504
b12649bb4aef3d7f,107,132,25,1,1603873
b197fd80d2acd5df,252,280,28,1,4058063
b1d58db725581f6d,13,17,4,1,273008
b2483f3994ae18c5,2204,2889,685,1,45538101
b29f040083de6739,188,195,7,1,1320999
b31041a809ac7bcb,283,346,63,1,5735630
b3916be3d023afa3,89,119,30,1,1471013
b3ecb1aaef3b4a45,200,214,14,1,1932815
b3f1e25272499fdb,188,254,66,1,2986203
b4a3badd571ce711,94,127,33,1,1854185
b4ae8708ca711e1b,249,270,21,1,2355579
b4baeb606eb16b0f,73,100,27,1,1209862
b53537f52dff80ca,43,49,6,1,515024
b6572c47cec40c8f,4,6,2,1,139531
b66c791217e46d52,788,1135,347,1,15005344
b690ed196c99612f,876,1225,349,1,18620429
b73bf96282272ad4,60,90,30,1,1397908
b779298283255829,199,207,8,1,1410610
b790f3be71bb8e58,189,197,8,1,1410663
b78b7c1fa3dba243,1133,1524,391,1,22024150
b7c19d78eae6df67,974,1249,275,1,16309494
b84b3701e945f37b,798,1046,248,1,16248224
b86633305f8d595b,135,154,19,1,1774926
b8225f5173ce14a9,2697,3629,932,1,63264426
b99e78763fba0972,3,3,0,0,87831
b9be3e44a12d7058,726,899,173,1,13677063
ba01dd480eeb1f39,282,323,41,1,4097791
ba32376279badad0,299,419,120,1,5139986
ba83d9432da66873,27,38,11,1,445363
baa0c67dbc47d418,94,133,39,1,1652933
baaac84551e79b23,26,34,8,1,1387794
baf4e66aad1b6c28,164,179,15,1,1787321
bafde1707ffee234,14,21,7,1,302362
bb127d73593b3f18,475,593,118,1,6157009
bb65e508cf40b76a,90,124,34,1,1567885
bba15bd6359a4714,43,57,14,1,738512
bb71f3356b41e36e,3065,4279,1214,1,66371555
bbf7af0a09ebf7c7,112,144,32,1,1563673
bc35b407fb99bef4,365,431,66,1,3802471
bc6160462d5811d0,16,20,4,1,319328
bce2f1b0b3fa6d25,139,197,58,1,2754666
bd3c4df37a4b11b8,1476,1875,399,1,33580414
bdb7f19ed2fd989b,28,38,10,1,504165
bdf81493cca4e824,22,35,13,1,474444
be03d03eef578564,1087,1249,162,1,21618098
be42f1fb2f68e27c,246,272,26,1,2514379
bd5e011da43aa137,6682,8777,2095,1,234163425
be66697c5876bae0,966,1364,398,1,20248016
be584648fbe56d94,1930,2756,826,1,55119829
bf06a27f6efa224d,191,200,9,1,2069960
bf190b9282ac0725,267,292,25,1,2556768
bf3224de95ae851c,123,169,46,1,2460678
bf9461ba555be724,268,294,26,1,2380522
bfb93a76b6e50c61,267,298,31,1,2791545
c04839d12a6823c3,100,133,33,1,1725463
c0753e3d49656b9d,913,1182,269,1,16361324
c0d1410bc3a09568,220,259,39,1,2602754
c143a28a9506680b,26,35,9,1,732405
c145528f61dc3cc1,141,183,42,1,1877436
c1803a728cadf8e2,86,111,25,1,1444101
c13e5754d2bf5a43,3155,4301,1146,1,75543857
c245b0a3cd2ffc90,164,197,33,1,3353871
c2991b311960cd10,253,285,32,1,2475197
c2a81ac45e58bfdf,100,124,24,1,1472928
c2c20b09516c302b,229,255,26,1,3413383
c3131dd78f50b9a4,171,236,65,1,2624132
c34715c410a263fd,39,49,10,1,650687
c374a4f45bacd3c1,6,7,1,1,148608
c3bebcb8fe088a6e,65,81,16,1,873397
c41e2e3f8bb8bbc7,133,147,14,1,1353804
c43515a896b13a9e,2,3,1,1,92406
c43db6bad5dbb55e,36,47,11,1,764431
c47184ec7e4d9b04,461,646,185,1,9551569
c4e4fcac05c0d8b9,104,141,37,1,1801550
c4f7cc3dd3c5f074,302,440,138,1,4715934
c525a0b41cda9182,18,23,5,1,343112
c51da61b8724be35,211,245,34,1,3834975
c527a21d2896d6e0,36,49,13,1,621283
c5666f7bba1b4585,319,360,41,1,3513044
c577115c3fbac7dc,2,3,1,1,79572
c575e1a89939dcf3,263,281,18,1,2475677
c60422b226d34b56,37,65,28,1,769487
c69d874a5f15d709,488,632,144,1,16706592
c6fba769f904cd36,402,452,50,1,5241857
c703cec281c70e87,714,982,268,1,14673508
c71ce81383e6f3b8,296,332,36,1,3658058
c73366d0b373cefd,558,709,151,1,7707477
c74c54a54879dfe6,311,364,53,1,3058353
c770de50aea29e83,195,206,11,1,1321984
c783ddecda5f8c8f,31,46,15,1,483310
c7b6109e5d0aae6b,392,452,60,1,6513874
c80d7dddefd2f74f,848,1151,303,1,19982663
c8df23eace4ef431,986,1299,313,1,19558227
c89d7a78fe15ac55,3627,4979,1352,1,106554291
c92ff6c681789734,195,206,11,1,1477480
c8f0b254b72ecee0,2411,3225,814,1,53859466
c9527d7e7bba6ed4,176,212,36,1,2282903
c95a4589e6df8208,717,934,217,1,12545494
c9af43f9b01510c1,203,217,14,1,1733936
c9ade2268cc542a7,248,321,73,1,3862691
c9bf02ee2ac11925,1029,1461,432,1,23786432
c9e6e411dd7713a6,1016,1300,284,1,18155673
cb7325221ceeb288,431,525,94,1,6670922
cb83a610f15eceeb,288,347,59,1,7050169
cb6b9bde2fe31dd1,1226,1425,199,1,39685049
cc84623090915f4f,89,119,30,1,2307123
cc9100fa4e1b6434,27,32,5,1,424573
cc8a005e07f3d432,275,358,83,1,4815599
cc7809dfaf24df57,1125,1562,437,1,26502027
ccf34aa813f6f31f,91,122,31,1,2143294
cd34feec59ada84f,125,149,24,1,2898796
cb1d97ab888d9a6a,14773,19541,4768,1,582917887
ce432d3a2850e4de,10,13,3,1,234287
ce50fd12278f07ae,688,883,195,1,10713846
ce5fc1f9ef873093,1385,1866,481,1,31879523
cedeafc8f44ef6ca,6,9,3,1,319215
cf05252ad728dc25,290,337,47,1,3152058
cf4f5ad88a4deff3,1203,1561,358,1,25036657
d0044e42b7692e22,120,140,20,1,1575917
d0207673a4b5a0af,255,287,32,1,2722135
d01bc03242cba4b6,786,1123,337,1,20170550
cfd30e04ba152ccb,2640,3734,1094,1,73239854
d063db8189fb3243,147,211,64,1,2883998
d08411ac3e656e25,8,11,3,1,203928
d0b7ee82ed065c66,215,279,64,1,3444691
d0d33c46848edaac,105,136,31,1,2550651
d0d93be2e817af68,212,228,16,1,1886745
d1108249a70cbfc1,89,119,30,1,1892876
d1f58c3c7738b922,871,1216,345,1,19069110
d2417ce7ebc6f20b,243,261,18,1,4951996
d235e59094fefb6a,702,1004,302,1,19293154
d295914db5445bc7,101,139,38,1,1711143
d2a381dbf93e1396,198,206,8,1,1149183
d2bd719124fa0e4b,6,7,1,1,130714
d318f4945934359d,78,90,12,1,1057986
d30318d4bf5f99ab,1434,1892,458,1,28122598
d36c4d99cf5a608f,411,508,97,1,9260290
d3c83ebbfc0e35de,4,8,4,1,177745
d43e4913be171578,182,238,56,1,3192161
d47c8a280987e00f,76,98,22,1,1274623
d487d0c448c11f96,154,192,38,1,1843692
d4a948a747e0fca0,266,309,43,1,3624246
d4ad78076bc24848,302,372,70,1,5585233
d4c2cbaebb43d496,191,262,71,1,2851361
d4e9192fd73786c4,706,894,188,1,10750039
d4fc1064da3aec13,815,1058,243,1,15798909
d500f64db15b4c60,544,755,211,1,12547881
d5a36c7516498906,277,313,36,1,2993779
d5ab3ca0a252f65b,929,1206,277,1,21187805
d5cd14d7ab55d1ae,39,49,10,1,651124
d5f6b5b6e2ad69f7,332,391,59,1,3419399
d60877c10838f9d8,101,124,23,1,1450933
d604cd79373c6150,820,1103,283,1,17795945
d6f400eeae0232de,294,351,57,1,3649404
d713f4da62d23ee1,699,937,238,1,11798807
d74cf71c972603e5,204,217,13,1,2575583
d79cd870afc24fcb,96,134,38,1,1616304
d7f3e0a1ace640f9,216,229,13,1,1917597
d843c8aec20c1dc1,171,224,53,1,3085407
d74a8b835bb55fbc,8424,10254,1830,1,173665865
d8b1fc90acc33f18,181,187,6,1,1272504
d91096034f7a90d2,484,661,177,1,11329193
d925f6c9960d0d57,108,132,24,1,1718812
d9293dcb10d866c2,211,226,15,1,1691661
d9804cb308aeb88c,468,598,130,1,7814410
da329ae9fdece54a,123,151,28,1,3089509
da41dae602d56bbd,111,161,50,1,1828128
da815bdce686bc4e,69,79,10,1,1045399
dacd2ddffaaaf497,393,477,84,1,7854133
dae91563c08ac9ab,309,350,41,1,3149915
d9823359fedfa52c,9706,12388,2682,1,291639393
dbd11b52b77249da,115,140,25,1,2944632
dbf887e93c108bb1,3,3,0,0,103039
dbd5310b1a59d02f,2015,2617,602,1,45846383
dc2700bf77797aff,89,130,41,1,1741935
dc6d24c8a81e7af2,9,11,2,1,207356
dce61311c18a0034,24,34,10,1,421566
dca8679afdd06993,2705,3816,1111,1,58968620
ddd141c9a0574fda,366,416,50,1,4239221
de36573028ae7c57,226,327,101,1,4061770
de56928900d4f157,122,152,30,1,1977930
dea0171b6ea2ca2e,4,6,2,1,115893
df8b36ee17afe57b,258,289,31,1,2519938
dfd481b6f13e8127,490,703,213,1,15246319
dffccd7b1a94594c,191,202,11,1,1744865
dfffcf8995bac57b,262,291,29,1,3021049
e06fc7504de840c1,41,51,10,1,1021027
e07daed2ae3d0df3,247,355,108,1,4491138
e1e59295466eba70,83,119,36,1,4524974
e207e02c114c6739,246,278,32,1,3056174
e28553050237da3f,33,42,9,1,521675
e2839ba4a17444f8,652,842,190,1,15690554
e2bd91c5e0228a0c,349,415,66,1,4881201
e2ba6e087fa2c571,776,1133,357,1,14236738
e2bb0395e95aa2d4,1000,1378,378,1,20319689
e2df2286f5d947dd,185,187,2,1,1173520
e2e534b4de81aaff,256,289,33,1,2821417
e3544cd2813bf045,183,188,5,1,1261565
e35384cd3895a2f7,1961,2689,728,1,43471255
e456f00785f2ffce,232,285,53,1,4012530
e460a61d1c44fea8,380,451,71,1,6182856
e487c9893c502a38,447,538,91,1,6655360
e4c4948254a23301,1520,1977,457,1,40549656
e510e3177181d7c0,47,56,9,1,719823
e56416c36bc779db,959,1390,431,1,20895075
e5ac2d486469f986,201,254,53,1,5035291
e5e7daddd598111e,10,13,3,1,229568
e634bcd42d988ee6,4,6,2,1,154474
e644e6072b9ef326,256,293,37,1,2553134
e64e72a0d9b0e11c,203,210,7,1,1885210
e65897b32bdb88c6,418,567,149,1,6776276
e65d2caf9526483f,490,668,178,1,9100306
e663dc9f18af66b8,435,569,134,1,6992739
e698d0709dcee0b9,814,1068,254,1,18207493
e700bdd7e9cc9e67,653,771,118,1,6971798
e708d21823d8460f,297,362,65,1,7549194
e6edcda4aafb7bcd,1985,2620,635,1,36709371
e77ae1295c26ee7b,13,19,6,1,267242
e7dc1fb1933e3f38,164,247,83,1,3543743
e8120d17d3f6424e,30,36,6,1,447233
e81251ff43530914,149,176,27,1,1986687
e87a072065556796,3,3,0,0,132453
e797ee66079d429b,6687,8907,2220,1,197066050
e8a284112ef91565,1325,1863,538,1,28684859
e9109bbd471ce27a,227,292,65,1,4345884
e93f88b1749409d9,99,143,44,1,1405373
e966ecee5bd0241a,33,44,11,1,633100
e9b3591d094bd056,223,252,29,1,2084867
e9c795f1637669bf,336,401,65,1,5660173
eaa6ee8867982db8,560,760,200,1,11870934
eb84d44e73a9adb4,89,112,23,1,1331171
ebae1369f483afad,184,187,3,1,1164907
ebfa56a03619aca6,25,35,10,1,480134
ec01a2b721e344a7,34,48,14,1,658232
ec3695e2bd64a2ea,23,38,15,1,567170
ec6bb6d8aea870f7,2,3,1,1,90277
ec786a81d2dcd286,415,527,112,1,6532112
eca4640055bc8819,89,114,25,1,1431458
ecb22a596f9c43b8,277,299,22,1,3368998
edb64f44a2bc5ce5,523,669,146,1,12071052
ef04028ba6c06383,622,879,257,1,14814768
ef73c8fcfef792ac,587,806,219,1,12499352
efee3e4b39fea721,210,228,18,1,1726147
f010fc73b1a839c4,3,3,0,0,84486
effca02264b43f57,5395,7018,1623,1,125922141
f12e564a90d49d6c,507,704,197,1,8641764
f1b6228195892c8d,23,31,8,1,724218
f1ca3040396548a6,182,218,36,1,2806943
f243c4912cb59ee8,194,200,6,1,1316488
f26af8634bf18b9b,85,131,46,1,2152649
f2d4887b5aae9bab,34,47,13,1,637876
f2d47f48268b1742,908,1302,394,1,19186042
f311538599c20ea6,209,229,20,1,2200821
f3e59a69d00c4903,16,20,4,1,276045
f3f552ef881a1580,387,459,72,1,4876022
f49ff80d10de165b,240,269,29,1,2340265
f4b1def3b35e2b1d,5,6,1,1,186114
f4cf2668824bfdb2,381,467,86,1,4865817
f4b57ab04ff469af,1030,1331,301,1,21992206
f536c1bc50b53ea0,247,283,36,1,2478915
f54272d9dc873c33,727,1052,325,1,25530179
f565b0eb5c3ca992,633,884,251,1,11304201
f574c567e09230d6,249,284,35,1,3107700
f57db07e2c0c5b1e,100,134,34,1,2333788
f5e2898da13fe775,207,223,16,1,1723244
f6073c513acee67e,93,119,26,1,2816107
f608b0211607284d,586,758,172,1,11078933
f6a9c6c327a5651b,812,1039,227,1,13263876
f732dda8d9c2f1c6,339,410,71,1,7130182
f781d239b39fcf7c,4,6,2,1,128665
f7865682a165f643,463,576,113,1,5678350
f7d2e7c3ba59dd1e,258,278,20,1,2226868
f8314b32ea1d5f7e,5,9,4,1,174841
f8362b7ac66a9159,122,123,1,1,833514
f83559100acc2d14,362,414,52,1,4428599
f88318b72fd49bc3,1073,1492,419,1,23722245
f89273b86c329a0a,955,1196,241,1,20745382
f8c5d758353b421c,530,719,189,1,12034886
f9002d394e501ff6,2,3,1,1,98820
f912ba5fc6572300,23,39,16,1,642137
f9409bc061ff56bd,2212,2854,642,1,50224621
f9e495e01646c891,297,345,48,1,3353767
fa26c86747a69915,146,205,59,1,2330337
fa2cd9c32804356a,102,159,57,1,2096557
fa9cb4285d2c3c9c,29,40,11,1,577102
fa7f4fd5a79c48cf,1020,1411,391,1,19204021
faa0fa9b8b94a4d1,222,285,63,1,6244747
fb20de42fb0f82d7,6,7,1,1,139945
fb2b34c4fd90e1c9,23,35,12,1,1556605
fc9264f6ce60defe,2,3,1,1,97939
fd1e3a6bdccd50fe,493,679,186,1,9667022
fd3057742dbbc583,315,351,36,1,3043940
fd9b3144043c850e,194,206,12,1,1492681
fdf511e22569d84e,369,456,87,1,5022397
fe57729d498e7915,754,1015,261,1,14253511
fea4b1215f5e6a6a,408,533,125,1,7379018
fed8b3897dd08551,2,3,1,1,96835
ff033428f0291064,715,907,192,1,11661161
ff6851576e0e0983,197,255,58,1,3223292
ff7f1090c5093540,253,283,30,1,2452574
ffb69f3a6f970bb5,7,7,0,0,168998
